station,knot_preset,harmonic_variant,regressor_variant,regressors,active_regs,train_mape,train_rmse,train_r2,validation_mape,validation_rmse,validation_r2
"Honolulu, HI",med,lp,+wind_v+air_temp+water_temp,"pressure,dp_dt,wind_u,wind_v,air_temp,water_temp","pressure,dp_dt,wind_u,wind_v,air_temp,water_temp",19.515213662053053,0.03738395324206736,0.9629486797563004,23.044987666422966,0.07197818598712762,0.8727828594101786
"Honolulu, HI",med,lp+p1,+wind_v+air_temp+water_temp,"pressure,dp_dt,wind_u,wind_v,air_temp,water_temp","pressure,dp_dt,wind_u,wind_v,air_temp,water_temp",19.419648567622822,0.03708617603696711,0.9635365842709264,23.051170320079404,0.07182277528527567,0.8733316245894632
"Honolulu, HI",med,lp+p1+q1+msf,+wind_v+air_temp+water_temp,"pressure,dp_dt,wind_u,wind_v,air_temp,water_temp","pressure,dp_dt,wind_u,wind_v,air_temp,water_temp",19.242049089565924,0.03669720731882405,0.9642974472962746,23.056584664262402,0.071869085972586,0.8731682226405171
"Honolulu, HI",high,lp,+wind_v+air_temp+water_temp,"pressure,dp_dt,wind_u,wind_v,air_temp,water_temp","pressure,dp_dt,wind_u,wind_v,air_temp,water_temp",19.35532770882251,0.037075889072870676,0.9635568099111078,23.072572472868497,0.07243720497783362,0.8711551084155309
"Honolulu, HI",med,lp+p1+q1,+wind_v+air_temp+water_temp,"pressure,dp_dt,wind_u,wind_v,air_temp,water_temp","pressure,dp_dt,wind_u,wind_v,air_temp,water_temp",19.40942111682105,0.03701847141532835,0.9636695981622678,23.08653888297986,0.07185898064075591,0.8732038871288785
"Honolulu, HI",high,lp+p1,+wind_v+air_temp+water_temp,"pressure,dp_dt,wind_u,wind_v,air_temp,water_temp","pressure,dp_dt,wind_u,wind_v,air_temp,water_temp",19.2614943635667,0.03676450810110961,0.9641663739412858,23.093813334227885,0.07228110206058513,0.8717098341680327
"Honolulu, HI",high,lp+p1+q1+msf,+wind_v+air_temp+water_temp,"pressure,dp_dt,wind_u,wind_v,air_temp,water_temp","pressure,dp_dt,wind_u,wind_v,air_temp,water_temp",19.0837814322781,0.03637256282437285,0.9649263435699617,23.10254895405273,0.0723076804586706,0.8716154699733059
"Honolulu, HI",high,lp+p1+q1,+wind_v+air_temp+water_temp,"pressure,dp_dt,wind_u,wind_v,air_temp,water_temp","pressure,dp_dt,wind_u,wind_v,air_temp,water_temp",19.253466702820973,0.0366974351401629,0.9642970040021278,23.10541985232327,0.07229195553300763,0.8716713040882282
"Honolulu, HI",med,lp+p1,+wind_v+air_temp,"pressure,dp_dt,wind_u,wind_v,air_temp","pressure,dp_dt,wind_u,wind_v,air_temp",20.954746483997617,0.04016032800493871,0.9572409802461332,23.575493778992453,0.07329150658906906,0.8680980749991589
"Honolulu, HI",med,lp+p1+q1,+wind_v+air_temp,"pressure,dp_dt,wind_u,wind_v,air_temp","pressure,dp_dt,wind_u,wind_v,air_temp",20.955955908259313,0.04010737994051008,0.9573536543696876,23.589388049770996,0.07331416014451723,0.8680165236845182
"Honolulu, HI",med,lp+p1,base,"pressure,dp_dt,wind_u","pressure,dp_dt,wind_u",21.121386643013693,0.040336090475761824,0.9568658898496003,23.589627467306485,0.07325599049676952,0.8682258798732388
"Honolulu, HI",med,lp+p1,+wind_v,"pressure,dp_dt,wind_u,wind_v","pressure,dp_dt,wind_u,wind_v",21.10558803797837,0.040309485659395225,0.9569227717441149,23.594533502404953,0.07327639231925022,0.8681524713628123
"Honolulu, HI",high,lp+p1,+wind_v+air_temp,"pressure,dp_dt,wind_u,wind_v,air_temp","pressure,dp_dt,wind_u,wind_v,air_temp",20.911002912565753,0.04010988608820963,0.9573483246084147,23.614126570939987,0.07332822755131645,0.8679658692577209
"Honolulu, HI",high,lp+p1+q1,+wind_v+air_temp,"pressure,dp_dt,wind_u,wind_v,air_temp","pressure,dp_dt,wind_u,wind_v,air_temp",20.90054271634935,0.04005725215656232,0.9574601899185313,23.614606430982864,0.07333552509407121,0.8679395881735925
"Honolulu, HI",med,lp,+wind_v+air_temp,"pressure,dp_dt,wind_u,wind_v,air_temp","pressure,dp_dt,wind_u,wind_v,air_temp",20.96359996225841,0.04037477198865592,0.9567831206647841,23.61737627085524,0.07329087443857696,0.8681003503380375
"Honolulu, HI",med,lp+p1+q1,base,"pressure,dp_dt,wind_u","pressure,dp_dt,wind_u",21.11390965851319,0.040289426829151924,0.9569656333089849,23.61981773201357,0.07327764979433686,0.8681479461289728
"Honolulu, HI",med,lp+p1+q1,+wind_v,"pressure,dp_dt,wind_u,wind_v","pressure,dp_dt,wind_u,wind_v",21.099379369667286,0.040262110161747,0.9570239690588178,23.62153590780688,0.0732935123503214,0.8680908554070742
"Honolulu, HI",med,lp,+wind_v,"pressure,dp_dt,wind_u,wind_v","pressure,dp_dt,wind_u,wind_v",21.108617200685973,0.040502501225698345,0.9565092471365825,23.63103493141526,0.07328411609790965,0.8681246748306279
"Honolulu, HI",med,lp,base,"pressure,dp_dt,wind_u","pressure,dp_dt,wind_u",21.125000303294616,0.04053098572272799,0.9564480534918631,23.63137565073442,0.07327443529442089,0.8681595138886086
"Honolulu, HI",high,lp+p1,+wind_v,"pressure,dp_dt,wind_u,wind_v","pressure,dp_dt,wind_u,wind_v",21.082201231691574,0.04029926468258366,0.9569446145199879,23.647591128312584,0.0733273030335597,0.8679691985930378
"Honolulu, HI",high,lp+p1,base,"pressure,dp_dt,wind_u","pressure,dp_dt,wind_u",21.09981430413251,0.040336087958737984,0.9568658952328479,23.650811278683843,0.07331720475129215,0.8680055613784867
"Honolulu, HI",high,lp,+wind_v+air_temp,"pressure,dp_dt,wind_u,wind_v,air_temp","pressure,dp_dt,wind_u,wind_v,air_temp",20.922842393095102,0.04033207719480163,0.956874472768228,23.653295237646105,0.07333333844776892,0.867947463350206
"Honolulu, HI",high,lp+p1+q1,+wind_v,"pressure,dp_dt,wind_u,wind_v","pressure,dp_dt,wind_u,wind_v",21.072928956330692,0.040251248884284156,0.9570471527238013,23.65366192224596,0.07333024380439139,0.8679586082644869
"Honolulu, HI",high,lp+p1+q1,base,"pressure,dp_dt,wind_u","pressure,dp_dt,wind_u",21.088876985353984,0.04028913792924484,0.9569662504723918,23.664593773716778,0.07332424347283652,0.8679802162579469
"Honolulu, HI",high,lp,+wind_v,"pressure,dp_dt,wind_u,wind_v","pressure,dp_dt,wind_u,wind_v",21.078603387264174,0.04049657446961475,0.9565219742629223,23.676416472653102,0.07333847017464014,0.8679289811352771
"Honolulu, HI",high,lp,base,"pressure,dp_dt,wind_u","pressure,dp_dt,wind_u",21.096766151473442,0.0405368872281693,0.9564353698249582,23.685868989641605,0.07333954468309907,0.8679251110663702
"Honolulu, HI",med,lp+p1+q1+msf,+wind_v+air_temp,"pressure,dp_dt,wind_u,wind_v,air_temp","pressure,dp_dt,wind_u,wind_v,air_temp",20.816188932195402,0.039824103190191716,0.9579539456585613,23.708964263798972,0.07345242613798574,0.867518228825246
"Honolulu, HI",high,lp+p1+q1+msf,+wind_v+air_temp,"pressure,dp_dt,wind_u,wind_v,air_temp","pressure,dp_dt,wind_u,wind_v,air_temp",20.767984117902447,0.0397720501910361,0.9580637883272496,23.73499759089902,0.073487357258059,0.8673921924970897
"Honolulu, HI",med,lp+p1+q1+msf,+wind_v,"pressure,dp_dt,wind_u,wind_v","pressure,dp_dt,wind_u,wind_v",20.969799538448076,0.03997806012325713,0.9576282236128772,23.741845080552057,0.07345795226050751,0.8674982937985158
"Honolulu, HI",med,lp+p1+q1+msf,base,"pressure,dp_dt,wind_u","pressure,dp_dt,wind_u",20.987486212719585,0.04000606330754998,0.9575688430313722,23.75955064856338,0.07345706348263745,0.8675015000918624
"Honolulu, HI",high,lp+p1+q1+msf,+wind_v,"pressure,dp_dt,wind_u,wind_v","pressure,dp_dt,wind_u,wind_v",20.937497378361805,0.03996811034227195,0.9576493120514279,23.78954618113013,0.0735084635349813,0.8673160090788522
"Honolulu, HI",high,lp+p1+q1+msf,base,"pressure,dp_dt,wind_u","pressure,dp_dt,wind_u",20.958736833409848,0.040007545453781025,0.9575656989907374,23.813432520164163,0.07351586990384616,0.8672892704956083
